Cst_Cd,Cstm_Nm,Cstm_Nm_Bk,Audit_Team_Mgr_Cnt,Exp_Auditor_Cnt,Exp_Inspct_Team_Mgr_Cnt,Exp_Inspctor_Cnt,Imp_Auditor_Cnt,Imp_Inspct_Team_Mgr_Cnt,Imp_Inspctor_Cnt
16600,Статистик,Статистик,0,0,0,0,0,0,0
17,Говь Алтай дахь гаалийн хороо,Говь Алтай дахь гаалийн хороо,0,0,0,0,0,0,0
17200,"Гаалийн хяналт,  бүрдүүлэлтийн алба","Гаалийн хяналт,  бүрдүүлэлтийн алба",0,0,0,0,0,0,0
17502,"Үнэ, үнэлгээний хэсэг","Үнэ, үнэлгээний хэсэг",0,0,0,0,0,0,0
17901,Говь-Алтай гүний гааль ,Говь-Алтай гүний гааль ,0,0,0,0,0,0,0
18200,"Гаалийн хяналт,  бүрдүүлэлтийн алба","Гаалийн хяналт,  бүрдүүлэлтийн алба",0,0,0,0,0,0,0
18503,Санхүүгийн хэсэг,Санхүүгийн хэсэг,0,0,0,0,0,0,0
18901,Арцсуурь,Арцсуурь,0,0,0,0,0,0,0
19,Хөвсгөл дэх гаалийн хороо,Хөвсгөл дэх гаалийн хороо,0,0,0,0,0,0,0
19200,"Гаалийн хяналт,  бүрдүүлэлтийн алба","Гаалийн хяналт,  бүрдүүлэлтийн алба",0,0,0,0,0,0,0
19300,Гаалийн зөрчлөөс урьдчилан сэргийлэх хэсэг,Гаалийн зөрчлөөс урьдчилан сэргийлэх хэсэг,0,0,0,0,0,0,0
19800,Эрсдэл,Эрсдэл,0,0,0,0,0,0,0
19901,Хөвсгөл дэх гүний гааль,Хөвсгөл дэх гүний гааль,0,0,0,0,0,0,0
10,Орхон дахь гаалийн газар,Орхон дахь гаалийн газар,0,0,0,0,0,0,0
1120,"Хяналт шинжилгээ, үнэлгээ, дотоод аудитын газар","Мэдээлэл, хяналт-шинжилгээ, үнэлгээний хэлтэс",0,0,0,0,0,0,0
1202,"Манифест, тээврийн хөдөлгөөн хариуцсан хэсэг","Манифест, тээврийн хөдөлгөөн хариуцсан хэсэг",0,0,0,0,0,0,0
1205,Бүрдүүлэлт хариуцсан хэсэг,Бүрдүүлэлт хариуцсан хэсэг,0,0,0,0,0,0,0
2203,Нефтийн бүрдүүлэлт,Нефтийн бүрдүүлэлт,0,0,0,0,0,0,0
2205,Багануур дахь төмөр замын хэсэг,Багануур дахь төмөр замын хэсэг,0,0,0,0,0,0,0
2400,Бүрдүүлэлтийн дараах шалгалтын алба,Бүрдүүлэлтийн дараах шалгалтын алба,0,0,0,0,0,0,0
2505,Хураамж,Хураамж,0,0,0,0,0,0,0
2800,Эрсдлийн алба,Эрсдлийн алба,0,0,0,0,0,0,0
2902,АБТЭМА /гаалийн салбар/,АБТЭМА /гаалийн салбар/,0,0,0,3,0,0,3
2906,Монгол экспресс ,Монгол экспресс ,0,0,0,0,0,0,0
2908,Монголтранс ,Монголтранс ,0,0,0,0,0,0,0
2909,Эрин интернэшнл /тусгай бүс/,Эрин интернэшнл /тусгай бүс/,0,0,0,0,0,0,0
3200,"Гаалийн хяналт, бүрдүүлэлтийн хэлтэс","Гаалийн хяналт, бүрдүүлэлтийн хэлтэс",0,0,0,0,0,0,0
3202,Төмөр замын тээврийн хяналтын хэсэг,Төмөр замын тээврийн хяналтын хэсэг,1,0,0,0,0,0,0
3503,Санхүүгийн хэсэг,Санхүүгийн хэсэг,0,0,0,0,0,0,0
3600,Статистик,Статистик,0,0,0,0,0,0,0
3903,Нарийн төмөр зам,Нарийн төмөр зам ,1,1,0,1,1,0,1
3904,Чингэлэг шалгах рентген төхөөрөмж,Чингэлэг шалгах рентген төхөөрөмж,0,0,0,0,0,0,0
4200,Гаалийн хяналт бүрдүүлэлтийн хэлтэс,"Гаалийн хяналт, бүрдүүлэлтийн хэлтэс",0,0,0,0,0,0,0
6204,Баянхошуу дахь гаалийн салбар,Баянхошуу дахь гаалийн салбар,0,0,0,0,0,0,0
6205,Сүмбэр дахь гаалийн сaлбар,Сүмбэр дахь гаалийн сaлбар,0,0,0,0,0,0,0
6300,Гаалийн зөрчлөөс урьдчилан сэргийлэх алба,Гаалийн зөрчлөөс урьдчилан сэргийлэх алба,0,0,0,0,0,0,0
6500,"Санхүү, татварын хэлтэс","Санхүү, татварын хэлтэс",0,0,0,0,0,0,0
6501,БТКУС-ын хэсэг,БТКУС-ын хэсэг,0,0,0,0,0,0,0
6503,Санхүүгийн хэсэг,Санхүүгийн хэсэг,0,0,0,0,0,0,0
6504,Татвар,Татвар,0,0,0,0,0,0,0
6505,Хураамж,Хураамж,0,0,0,0,0,0,0
6600,Статистик,Статистик,0,0,0,0,0,0,0
6800,Эрсдэл,Эрсдэл,0,0,0,0,0,0,0
6901,Дорнод дахь гүний гааль,Дорнод дахь гүний гааль,0,0,0,0,0,0,0
6902,Баянтүмэн өртөө ,Баянтүмэн өртөө ,0,0,0,0,0,0,0
6903,Эрээнцав,Эрээнцав ,0,0,0,0,0,0,0
6905,Хавирга ,Хавирга ,0,0,0,0,0,0,0
6906,Баянхошуу ,Баянхошуу ,0,0,0,0,0,0,0
6908,Тамсаг ,Тамсаг ,0,0,0,0,0,0,0
6909,Дорнод Шан-лун,Дорнод Шан-лун,0,0,0,0,0,0,0
6911,Бичигт,Бичигт,0,0,0,0,0,0,0
6912,СБ Цайрт минерал,СБ Цайрт минерал,0,0,0,0,0,0,0
7100,Захиргааны хэсэг,Захиргааны хэсэг,0,0,0,0,0,0,0
7200,"Гаалийн хяналт,  бүрдүүлэлтийн хэсэг","Гаалийн хяналт,  бүрдүүлэлтийн хэсэг",0,0,0,0,0,0,0
7500,"Санхүү, татварын хэсэг","Санхүү, татварын хэсэг",0,0,0,0,0,0,0
7502,"Үнэ, үнэлгээний хэсэг","Үнэ, үнэлгээний хэсэг",0,0,0,0,0,0,0
7503,Санхүүгийн хэсэг,Санхүүгийн хэсэг,0,0,0,0,0,0,0
7504,Татвар,Татвар,0,0,0,0,0,0,0
7600,Статистик,Статистик,0,0,0,0,0,0,0
7904,Даян ,Даян ,0,0,0,0,0,0,0
8100,Захиргааны хэсэг,Захиргааны хэсэг,0,0,0,0,0,0,0
8201,Ярантын бүрдүүлэлтийн 3-р хэсэг,Булган дахь гаалийн бүрдүүлэлтийн хэсэг,0,0,0,0,0,0,0
8203,Байтаг дахь хилийн боомт,Байтаг дахь хилийн боомт,0,0,0,0,0,0,0
8501,БТКУС-ын хэсэг,БТКУС-ын хэсэг,0,0,0,0,0,0,0
8503,Санхүүгийн хэсэг,Санхүүгийн хэсэг,0,0,0,0,0,0,0
8504,Татвар,Татвар,0,0,0,0,0,0,0
8505,Хураамж,Хураамж,0,0,0,0,0,0,0
8800,Эрсдэл,Эрсдэл,0,0,0,0,0,0,0
8902,Булган гүний гааль ,Булган гүний гааль ,0,0,0,0,0,0,0
8903,Ярант,Ярант ,0,0,0,0,0,0,0
9201,Улаангом дахь гаалийн бүрдүүлэлтийн хэсэг,Улаангом дахь гаалийн бүрдүүлэлтийн хэсэг,0,0,0,0,1,1,1
9500,"Санхүү, татварын хэсэг","Санхүү, татварын хэсэг",0,0,0,0,0,0,0
9501,БТКУС-ын хэсэг,БТКУС-ын хэсэг,0,0,0,0,0,0,0
9502,"Үнэ, үнэлгээний хэсэг","Үнэ, үнэлгээний хэсэг",0,0,0,0,0,0,0
9504,Татвар,Татвар,0,0,0,0,0,0,0
9505,Хураамж,Хураамж,0,0,0,0,0,0,0
9600,Статистик,Статистик,0,0,0,0,0,0,0
9902,Боршоо,Боршоо,0,0,0,0,0,0,0
9903,Тэс ,Тэс ,0,0,0,0,0,0,0
10203,Тэшиг дэх гаалийн салбар,Тэшиг дэх гаалийн салбар,0,0,0,0,0,0,0
10504,Татвар,Татвар,0,0,0,0,0,0,0
10505,Хураамж,Хураамж,0,0,0,0,0,0,0
10800,Эрсдэл,Эрсдэл,0,0,0,0,0,0,0
10902,Бага-Илэнх ,Бага-Илэнх ,0,0,0,0,0,0,0
10903,Эрдэнэт үйлдвэр ,Эрдэнэт үйлдвэр ,0,0,0,0,0,0,0
11100,Захиргааны хэсэг,Захиргааны хэсэг,0,0,0,0,0,0,0
11203,Бор-Өндөр дэх гаалийн салбар,Бор-Өндөр дэх гаалийн салбар,0,0,0,0,0,0,0
11205,Сайншанд дахь автотээврийн хяналтын хэсэг,Сайншанд дахь автотээврийн хяналтын хэсэг,0,0,0,0,0,0,0
11207,Айраг дахь гаалийн салбар,Айраг дахь гаалийн салбар,0,0,0,0,0,0,0
11500,"Санхүү, татварын хэсэг","Санхүү, татварын хэсэг",0,0,0,0,0,0,0
11502,"Үнэ, үнэлгээний хэсэг","Үнэ, үнэлгээний хэсэг",0,0,0,0,0,0,0
11504,Татвар,Татвар,0,0,0,0,0,0,0
11505,Хураамж,Хураамж,0,0,0,0,0,0,0
11600,Статистик,Статистик,0,0,0,0,0,0,0
11902,25-р зөрлөг,25-р зөрлөг,0,0,0,0,0,0,0
11903,Шанд Цайрт минерал,Шанд Цайрт минерал,0,0,0,0,0,0,0
11905,Бор-Өндөр ,Бор-Өндөр ,0,0,0,0,0,0,0
12202,DHL дахь бүрдүүлэлтийн хэсэг,DHL дахь бүрдүүлэлтийн хэсэг,0,0,0,0,0,0,0
12500,"Санхүү, татварын хэсэг","Санхүү, татварын хэсэг",0,0,0,0,0,0,0
12501,БТКУС-ын хэсэг,БТКУС-ын хэсэг,0,0,0,0,0,0,0
12504,Татвар,Татвар,0,0,0,0,0,0,0
12800,Эрсдэл,Эрсдэл,0,0,0,0,0,0,0
1,Гаалийн ерөнхий газар (ГЕГ),лсын гаалийн ерөнхий газар(MCGA),0,0,0,0,0,0,0
12903,Ди Эйч Эл ХХК,Ди Эйч Эл ХХК,0,0,0,0,0,0,0
13100,Захиргааны хэсэг,Захиргааны хэсэг,0,0,0,0,0,0,0
13201,Дарханы төв дахь гаалийн бүрдүүлэлтийн хэсэг,Дарханы төв дахь гаалийн бүрдүүлэлтийн хэсэг,0,0,0,0,0,0,0
13202,Хандгайт дахь гаалийн салбар,Зүүн хараа дахь төмөр  замын хяналтын хэсэг,0,0,0,0,0,0,0
13500,"Санхүү, татварын хэсэг","Санхүү, татварын хэсэг",0,0,0,0,0,0,0
13501,БТКУС-ын хэсэг,БТКУС-ын хэсэг,0,0,0,0,0,0,0
13502,"Үнэ, үнэлгээний хэсэг","Үнэ, үнэлгээний хэсэг",0,0,0,0,0,0,0
13503,Санхүүгийн хэсэг,Санхүүгийн хэсэг,0,0,0,0,0,0,0
13504,Татвар,Татвар,0,0,0,0,0,0,0
13505,Хураамж,Хураамж,0,0,0,0,0,0,0
13800,Эрсдэл,Эрсдэл,0,0,0,0,0,0,0
13902,Дархан-2 өртөө ,Дархан-2 өртөө ,0,0,0,0,0,0,0
13903,Зүүнхараа өртөө ,Зүүнхараа өртөө ,0,0,0,0,0,0,0
13904,Хөтөл өртөө ,Хөтөл өртөө ,0,0,0,0,0,0,0
14201,Гашуун-Сухайтын гаалийн бүрдүүлэлтийн хэсэг,Гашуун-Сухайтын гаалийн бүрдүүлэлтийн хэсэг,0,0,0,0,0,0,0
14500,"Санхүү, татварын хэсэг","Санхүү, татварын хэсэг",0,0,0,0,0,0,0
14503,Санхүүгийн хэсэг,Санхүүгийн хэсэг,0,0,0,0,0,0,0
14504,Татвар,Татвар,0,0,0,0,0,0,0
14600,Статистик,Статистик,0,0,0,0,0,0,0
14904,Цагаан хад мөнхийн их:Нэг цэгийн үйлчилгээ,Пүжин Мон ХХК,0,0,0,0,0,0,0
14905,Ориент Энержи ХХК,Ориент Энержи ХХК,0,0,0,0,0,0,0
15100,Захиргааны хэсэг,Захиргааны хэсэг,0,0,0,0,0,0,0
15500,"Санхүү, татварын хэсэг","Санхүү, татварын хэсэг",0,0,0,0,0,0,0
15501,БТКУС-ын хэсэг,БТКУС-ын хэсэг,0,0,0,0,0,0,0
15502,"Үнэ, үнэлгээний хэсэг","Үнэ, үнэлгээний хэсэг",0,0,0,0,0,0,0
15504,Татвар,Татвар,0,0,0,0,0,0,0
15505,Хураамж,Хураамж,0,0,0,0,0,0,0
15600,Статистик,Статистик,0,0,0,0,0,0,0
15800,Эрсдэл,Эрсдэл,0,0,0,0,0,0,0
16,Бичигт дэх гаалийн газар,Бичигт дэх гаалийн хороо,0,0,0,0,0,0,0
16100,Захиргааны хэсэг,Захиргааны хэсэг,0,0,0,0,0,0,0
16500,"Санхүү, татварын хэсэг","Санхүү, татварын хэсэг",0,0,0,0,0,0,0
16503,Санхүүгийн хэсэг,Санхүүгийн хэсэг,0,0,0,0,0,0,0
16504,Татвар,Татвар,0,0,0,0,0,0,0
17100,Захиргааны хэсэг,Захиргааны хэсэг,0,0,0,0,0,0,0
17202,Бургастай хилийн боомт,Бургастай хилийн боомт,0,0,0,0,0,0,0
17500,"Санхүү, татварын хэсэг","Санхүү, татварын хэсэг",0,0,0,0,0,0,0
17501,БТКУС-ын хэсэг,БТКУС-ын хэсэг,0,0,0,0,0,0,0
17503,Санхүүгийн хэсэг,Санхүүгийн хэсэг,0,0,0,0,0,0,0
17800,Эрсдлийн алба,Эрсдлийн алба,0,0,0,0,0,0,0
17902,Бургастай,Бургастай ,0,0,0,0,0,0,0
17903,Говь Алтай Бургастай шинэ,Цагаан байшинт,0,0,0,0,0,0,0
18201,Арцсуурь дахь хилийн боомт,Арцсуурь дахь хилийн боомт,0,0,0,0,0,0,0
18500,"Санхүү, татварын хэсэг","Санхүү, татварын хэсэг",0,0,0,0,0,0,0
18501,БТКУС-ын хэсэг,БТКУС-ын хэсэг,0,0,0,0,0,0,0
18504,Татвар,Татвар,0,0,0,0,0,0,0
18505,Хураамж,Хураамж,0,0,0,0,0,0,0
18600,Статистик,Статистик,0,0,0,0,0,0,0
18800,Эрсдэл,Эрсдэл,0,0,0,0,0,0,0
19100,Захиргааны хэсэг,Захиргааны хэсэг,0,0,0,0,0,0,0
19201,Ханх дахь хилийн боомт,Ханх дахь хилийн боомт,0,0,0,0,0,0,0
8904,Байтаг ,Байтаг ,0,0,0,0,0,0,0
9200,"Гаалийн хяналт,  бүрдүүлэлтийн алба","Гаалийн хяналт,  бүрдүүлэлтийн алба",0,0,0,0,0,0,0
9202,Боршоо дахь гаалийн салбар,Боршоо дахь гаалийн салбар,0,0,0,0,0,0,0
9503,Санхүүгийн хэсэг,Санхүүгийн хэсэг,0,0,0,0,0,0,0
9800,Эрсдэл,Эрсдэл,0,0,0,0,0,0,0
9901,Увс дахь гүний гааль ,Увс дахь гүний гааль ,0,0,0,0,0,0,0
10200,"Гаалийн хяналт,  бүрдүүлэлтийн хэлтэс","Гаалийн хяналт,  бүрдүүлэлтийн хэлтэс",0,0,0,0,0,0,0
10202,Бага илэнх дэх хилийн боомт,Бага илэнх дэх хилийн боомт,0,0,0,0,0,0,0
10500,"Санхүү, татварын хэсэг","Санхүү, татварын хэсэг",0,0,0,0,0,0,0
10503,Санхүүгийн хэсэг,Санхүүгийн хэсэг,0,0,0,0,0,0,0
10600,Статистик,Статистик,0,0,0,0,0,0,0
10901,Эрдэнэт өртөө ,Эрдэнэт өртөө ,0,0,0,0,0,0,0
11,Сайншанд дахь  гаалийн газар,Сайншанд дахь  гаалийн газар,0,0,0,0,0,0,0
11200,Гаалийн хяналт бүрдүүлэлтийн алба,"Гаалийн хяналт,  бүрдүүлэлтийн алба",0,0,0,0,0,0,0
11204,Ханги дахь гаалийн салбар,Ханги-мандалын хилийн боомт,0,0,0,0,0,0,0
11206,Сайншанд дахь төмөр замын хяналтын хэсэг,Сайншанд дахь төмөр замын хяналтын хэсэг,0,0,0,0,0,0,0
11300,Гаалийн зөрчлөөс урьдчилан сэргийлэх хэсэг,Гаалийн зөрчлөөс урьдчилан сэргийлэх хэсэг,0,0,0,0,0,0,0
11503,Санхүүгийн хэсэг,Санхүүгийн хэсэг,0,0,0,0,0,0,0
11800,Эрсдэл,Эрсдэл,0,0,0,0,0,0,0
11906,Ханги-Мандал,Ханги-Мандал,0,0,0,0,0,0,0
12502,"Үнэ, үнэлгээний хэсэг","Үнэ, үнэлгээний хэсэг",0,0,0,0,0,0,0
12600,Статистик,Статистик,0,0,0,0,0,0,0
14,Гашуунсухайт дахь гаалийн газар,Гашуунсухайт дахь гаалийн хороо,0,0,0,0,0,0,0
14200,"Гаалийн хяналт,  бүрдүүлэлтийн алба","Гаалийн хяналт,  бүрдүүлэлтийн алба",0,0,0,0,0,0,0
14502,"Үнэ, үнэлгээний хэсэг","Үнэ, үнэлгээний хэсэг",0,0,0,0,0,0,0
14800,Эрсдэл,Эрсдэл,0,0,0,0,0,0,0
14901,Гашуунсухайт,Гашуунсухайт ,0,0,0,0,0,0,0
14902,Ухаа худаг - Энержи,Айвенхоу Майнз Монголия Инк ХХК,0,0,0,0,0,0,0
15,Шивээхүрэн дахь гаалийн газар,Шивээхүрэн дахь гаалийн хороо,0,0,0,0,0,0,0
15200,"Гаалийн хяналт, эрсдлийн удирдлагын алба","Гаалийн хяналт,  бүрдүүлэлтийн алба",0,0,0,0,0,0,0
15503,Санхүүгийн хэсэг,Санхүүгийн хэсэг,0,0,0,0,0,0,0
15901,Шивээхүрэн галерей,Шивээхүрэн ,0,0,0,0,0,0,0
15902,"МАК, ЧИН ХУА МАК бүрдүүлэлтийн хэсэг",Чин Хуа-Мак-Нарийн сухайт ХХК,0,0,0,0,0,0,0
16200,"Гаалийн хяналт,  бүрдүүлэлтийн алба","Гаалийн хяналт,  бүрдүүлэлтийн алба",0,0,0,0,0,0,0
4500,"Санхүү, татварын хэлтэс","Санхүү, татварын хэлтэс",0,0,0,0,0,0,0
4502,"Үнэ, үнэлгээний хэсэг","Үнэ, үнэлгээний хэсэг",0,0,0,0,0,0,0
4600,Статистик,Статистик,0,0,0,0,0,0,0
4901,Сүхбаатар өртөө,Сүхбаатар өртөө ,1,0,0,0,0,0,0
4906,Сэлэнгэ импекс ,Сэлэнгэ импекс ,0,0,0,0,0,0,0
4908,Халиун уул,Халиун уул,0,0,0,0,0,0,0
5,Чингис Хаан Олон Улсын нисэх буудал дахь гаалийн газар,Буянт-Ухаа дахь гаалийн газар,0,0,0,0,0,0,0
5505,Хураамж,Хураамж,0,0,0,0,0,0,0
5800,Эрсдлийн алба,Эрсдлийн алба,0,0,0,0,0,0,0
5902,Олон улсын нисэх буудал,Олон улсын нисэх буудал,0,0,1,1,0,0,0
19500,"Санхүү, татварын хэсэг","Санхүү, татварын хэсэг",0,0,0,0,0,0,0
19501,БТКУС-ын хэсэг,БТКУС-ын хэсэг,0,0,0,0,0,0,0
19503,Санхүүгийн хэсэг,Санхүүгийн хэсэг,0,0,0,0,0,0,0
19504,Татвар,Татвар,0,0,0,0,0,0,0
19600,Статистик,Статистик,0,0,0,0,0,0,0
19902,Ханх ,Ханх ,0,0,0,0,0,0,0
3010,3010 custom name,3010 custom name,0,0,0,0,0,0,0
1110,Хүний нөөцийн хэлтэс,Хүний нөөцийн хэлтэс ,0,0,0,0,0,0,0
3211,Inspection Department in Truck Terminal,,0,0,0,0,0,0,0
16800,Эрсдэл,Эрсдэл,0,0,0,0,0,0,0
5200,"Гаалийн хяналт, бүрдүүлэлтийн хэлтэс","Гаалийн хяналт, бүрдүүлэлтийн хэлтэс",0,0,0,0,0,0,0
99,Test Border CH,Test Border CH,0,0,0,0,0,0,0
99901,Border Desc.1,Border Desc.1,0,0,0,0,0,0,0
99902,Border Desc.2,Border Desc.2,0,0,0,0,0,0,0
99903,Border Insp.1,Border Insp.1,0,0,0,0,0,0,0
99904,Border Insp.2,Border Insp.2,0,0,0,0,0,0,0
98,Test Border CH,Test Border CH,0,0,0,0,0,0,0
98901,Inland Desc.1,Inland Desc.1,0,0,0,0,0,0,0
98902,Inland Desc.2,Inland Desc.2,0,0,0,0,0,0,0
98903,Inland Insp.1,Inland Insp.1,0,0,0,0,0,0,0
98904,Inland Insp.2,Inland Insp.2,0,0,0,0,0,0,0
3500,"Санхүү, татварын хэлтэс","Санхүү, татварын хэлтэс",0,0,0,0,0,0,0
7903,Улаанбайшинт,Улаанбайшинт,0,0,0,0,0,0,0
10400,Бүрдүүлэлтийн дараах шалгалтын хэсэг,Бүрдүүлэлтийн дараах шалгалтын хэсэг,0,0,0,0,0,0,0
13901,Дархан-1 өртөө ,Дархан-1 өртөө ,0,0,0,0,0,0,0
16505,Хураамж,Хураамж,0,0,0,0,0,0,0
12200,"Гаалийн хяналт,  бүрдүүлэлтийн алба","Гаалийн хяналт,  бүрдүүлэлтийн алба",0,0,0,0,0,0,0
5202,Хяналт шалгалтын хэлтэс,Олон улсын нисэх буудал,0,0,0,1,0,0,1
1201,Боомт хариуцсан хэсэг,Боомт хариуцсан хэсэг,0,0,0,0,0,0,0
6904,Ульханмайхан ,Ульханмайхан ,0,0,0,0,0,0,0
10201,Орхоны төв дэх гаалийн бүрдүүлэлтийн хэсэг,Орхоны төв дэх гаалийн бүрдүүлэлтийн хэсэг,0,0,0,0,0,0,0
14505,Хураамж,Хураамж,0,0,0,0,0,0,0
16901,Бичигт,Бичигт,0,0,0,0,0,0,0
18100,Захиргааны хэсэг,Захиргааны хэсэг,0,0,0,0,0,0,0
11904,Говьсүмбэр ,Говьсүмбэр ,0,0,0,0,0,0,0
5300,Гаалийн зөрчлөөс урьдчилан сэргийлэх алба,Гаалийн зөрчлөөс урьдчилан сэргийлэх алба,0,0,0,0,0,0,0
2600,Статистик,Статистик,0,0,0,0,0,0,0
4300,Гаалийн зөрчлөөс урьдчилан сэргийлэх алба,Гаалийн зөрчлөөс урьдчилан сэргийлэх алба,0,0,0,0,0,0,0
17300,Гаалийн зөрчлөөс урьдчилан сэргийлэх хэсэг,Гаалийн зөрчлөөс урьдчилан сэргийлэх хэсэг,0,0,0,0,0,0,0
6910,Сүмбэр,Сүмбэр,0,0,0,0,0,0,0
10501,БТКУС-ын хэсэг,БТКУС-ын хэсэг,0,0,0,0,0,0,0
12902,УБ шуудан,УБ шуудан,0,0,0,0,0,0,0
14903,Тавантолгой ХК,Тавантолгой ХК,0,0,0,0,0,0,0
11901,Сайншанд өртөө ,Сайншанд өртөө ,0,0,0,0,0,0,0
6200,"Гаалийн хяналт,  бүрдүүлэлтийн хэлтэс","Гаалийн хяналт,  бүрдүүлэлтийн хэлтэс",0,0,0,0,0,0,0
4905,Видү,Видү,0,0,0,0,0,0,0
7800,Эрсдэл,Эрсдэл,0,0,0,0,0,0,0
16902,СБ Цайрт минерал,СБ Цайрт минерал,0,0,0,0,0,0,0
3901,Автозамын цогцолбор,Автозамын цогцолбор ,1,0,0,0,0,0,0
10502,"Үнэ, үнэлгээний хэсэг","Үнэ, үнэлгээний хэсэг",0,0,0,0,0,0,0
13600,Статистик,Статистик,0,0,0,0,0,0,0
16501,БТКУС-ын хэсэг,БТКУС-ын хэсэг,0,0,0,0,0,0,0
12100,Захиргааны хэсэг,Захиргааны хэсэг,0,0,0,0,0,0,0
30,30 custom name,30 custom name,0,0,0,0,0,0,0
1800,Эрсдлийн удирдлагын хэлтэс,Эрсдлийн хэсэг,0,0,0,0,0,0,0
4503,Санхүүгийн хэсэг,Санхүүгийн хэсэг,0,0,0,0,0,0,0
9100,Захиргааны хэсэг,Захиргааны хэсэг,0,0,0,0,0,0,0
9203,Тэс дэх гаалийн салбар,Тэс дэх гаалийн салбар,0,0,0,0,0,0,0
10100,Захиргааны хэсэг,Захиргааны хэсэг,0,0,0,0,0,0,0
11201,Говьсүмбэр дэх авто тээврийн хяналтын хэсэг,Говьсүмбэр дэх авто тээврийн хяналтын хэсэг,0,0,0,0,0,0,0
11400,Бүрдүүлэлтийн дараах шалгалтын хэсэг,Бүрдүүлэлтийн дараах шалгалтын хэсэг,0,0,0,0,0,0,0
12,Улс хоорондын шуудан илгээмжийн гаалийн газар,Олон улсын шуудан илгээмж дэх гаалийн хороо,0,0,0,0,0,0,0
12505,Хураамж,Хураамж,0,0,0,0,0,0,0
12901,Монгол шуудан,Монгол шуудан,0,0,0,0,0,0,0
13200,"Гаалийн хяналт,  бүрдүүлэлтийн алба","Гаалийн хяналт,  бүрдүүлэлтийн алба",0,0,0,0,0,0,0
13300,Гаалийн зөрчлөөс урьдчилан сэргийлэх хэсэг,Гаалийн зөрчлөөс урьдчилан сэргийлэх хэсэг,0,0,0,0,0,0,0
14100,Захиргааны хэсэг,Захиргааны хэсэг,0,0,0,0,0,0,0
1101,"Хууль, эрх зүйн хэлтэс",Эрх зүйн алба,0,0,0,0,0,0,0
1200,"Гаалийн хяналт, бүрдүүлэлтийн хэлтэс","Гаалийн хяналт, бүрдүүлэлтийн хэлтэс",0,0,0,0,0,0,0
1203,Баталгаат бүс хариуцсан хэсэг,Баталгаат бүс хариуцсан хэсэг,0,0,0,0,0,0,0
1300,Гаалийн зөрчилтэй тэмцэх хэлтэс,Гаалийн зөрчлөөс урьдчилан сэргийлэх хэлтэс,0,0,0,0,0,0,0
1502,"Хөнгөлөлт, чөлөөлөлтийн хэсэг","Хөнгөлөлт, чөлөөлөлтийн хэсэг",0,0,0,0,0,0,0
1503,"Барааны ангилал, үнэ үнэлгээний хэлтэс",БТКУС-ын алба,0,0,0,0,0,0,0
1504,Үнэ тодорхойлох алба,Үнэ тодорхойлох алба,0,0,0,0,0,0,0
1505,Санхүүгийн хэсэг,Санхүүгийн хэсэг,0,0,0,0,0,0,0
1710,Сургалтын төв,"Гааль, эдийн засгийн дээд сургууль",0,0,0,0,0,0,0
1720,Гаалийн төв лаборатор,Гаалийн төв лаборатор,0,0,0,0,0,0,0
1730,Хөдөлгөөнт хяналтын төв,Эрэлч нохойн алба,0,0,0,0,0,0,0
1750,"Хөрөнгө оруулалт, ашиглалт үйлчилгээний газар","Хөрөнгө оруулалт, ашиглалт үйлчилгээний газар",0,0,0,0,0,0,0
2100,Захиргааны хэсэг,Захиргааны хэсэг,0,0,0,0,0,0,0
2202,Бүрдүүлэлтийн 2-р алба    ,Бүрдүүлэлтийн 2-р алба    ,1,0,0,0,0,0,0
2204,ОАТБарааны бүрдүүлэлт,ОАТБарааны бүрдүүлэлт,0,0,0,0,0,0,0
2300,МУСЭУ-ын хэлтэс,Гаалийн зөрчлөөс урьдчилан сэргийлэх алба,0,0,0,0,0,0,0
2500,"Санхүү, татварын хэлтэс","Санхүү, татварын хэлтэс",0,0,0,0,0,0,0
2501,БТКУС-ын хэсэг,БТКУС-ын хэсэг,0,0,0,0,0,0,0
2504,Татвар,Татвар,0,0,0,0,0,0,0
2901,Ачаа тээш,Ачаа тээш,0,0,0,0,0,0,0
2903,Материалимпекс ,Материалимпекс ,0,0,0,0,0,0,0
2904,МТТ,МТТ,0,0,0,0,0,0,0
2905,Туушин ,Туушин ,0,0,0,0,0,0,0
2907,Прогрестранс ,Прогрестранс ,0,0,0,0,0,0,0
2910,УБ импекс,УБ импекс,0,0,0,0,0,0,0
2911,Бага-Нуур,Бага-Нуур,0,0,0,0,0,0,0
2912,МТХХАлба,МТХХАлба,0,0,0,0,0,0,0
2914,Би Эль Си,Би Эль Си,0,0,0,0,0,0,0
3100,Захиргааны хэсэг,Захиргааны хэсэг,0,0,0,0,0,0,0
3201,Авто тээврийн хяналтын хэсэг,Авто тээврийн хяналтын хэсэг,1,0,0,0,0,0,0
3204,Нарийн царигийн хяналтын хэсэг,Нарийн царигийн хяналтын хэсэг,0,0,0,0,0,0,0
3400,Бүрдүүлэлтийн дараах шалгалтын алба,Бүрдүүлэлтийн дараах шалгалтын алба,0,0,0,0,0,0,0
3501,БТКУС-ын хэсэг,БТКУС-ын хэсэг,0,0,0,0,0,0,0
3502,"Үнэ, үнэлгээний хэсэг","Үнэ, үнэлгээний хэсэг",0,0,0,0,0,0,0
3505,Хураамж,Хураамж,0,0,0,0,0,0,0
3800,Эрсдлийн алба,Эрсдлийн алба,0,0,0,0,0,0,0
3902,Өргөн төмөр зам,Өргөн төмөр зам ,0,0,0,0,0,0,0
4100,Захиргааны хэсэг,Захиргааны хэсэг,0,0,0,0,0,0,0
4201,Сүхбаатар дахь г/бүрдүүлэлтийн хэсэг,Сүхбаатар дахь г/бүрдүүлэлтийн хэсэг,0,0,0,0,0,0,0
4203,Ерөө,Ерөө,0,0,0,0,0,0,0
4501,БТКУС-ын хэсэг,БТКУС-ын хэсэг,0,0,0,0,0,0,0
4504,Татвар,Татвар,0,0,0,0,0,0,0
4505,Хураамж,Хураамж,0,0,0,0,0,0,0
4800,Эрсдлийн алба,Эрсдлийн алба,0,0,0,0,0,0,0
4902,Алтанбулаг,Алтанбулаг ,0,0,0,0,0,0,0
4903,Туушин ,Туушин ,0,0,0,0,0,0,0
4907,Болд төмөр-Ерөө гол,Болд төмөр-Ерөө гол,0,0,0,0,0,0,0
5100,Захиргааны хэсэг,Захиргааны хэсэг,0,0,0,0,0,0,0
5201,"Татвар, бүрдүүлэлтийн хэлтэс",Карго терминал,1,0,0,4,0,0,2
5400,Бүрдүүлэлтийн дараах шалгалтын алба,Бүрдүүлэлтийн дараах шалгалтын алба,0,0,0,0,0,0,0
5500,"Санхүү, татварын хэлтэс","Санхүү, татварын хэлтэс",0,0,0,0,0,0,0
5501,БТКУС-ын хэсэг,БТКУС-ын хэсэг,0,0,0,0,0,0,0
5600,Статистик,Статистик,0,0,0,0,0,0,0
5901,Карго терминал,Карго терминал,0,0,0,0,0,0,0
6,Дорнод дахь гаалийн газар,Дорнод дахь гаалийн газар,0,0,0,0,0,0,0
6201,Эрээнцав дахь гаалийн салбар,Эрээнцав дахь гаалийн салбар,0,0,0,0,0,0,0
8200,"Гаалийн хяналт,  бүрдүүлэлтийн хэсэг","Гаалийн хяналт,  бүрдүүлэлтийн хэсэг",0,0,0,0,0,0,0
7201,Өлгий дэх гаалийн бүрдүүлэлтийн хэсэг,Өлгий дэх гаалийн бүрдүүлэлтийн хэсэг,0,0,0,0,0,0,0
7300,Гаалийн зөрчлөөс урьдчилан сэргийлэх хэсэг,Гаалийн зөрчлөөс урьдчилан сэргийлэх хэсэг,0,0,0,0,0,0,0
7505,Хураамж,Хураамж,0,0,0,0,0,0,0
7901,Өлгий дэх гүний гааль,Өлгий дэх гүний гааль,0,0,0,0,0,0,0
8202,Ховд дахь гаалийн салбар,Ховд дахь гаалийн салбар,0,0,0,0,0,0,0
8204,Ярантын бүрдүүлэлтийн 1-р хэсэг,Ярант дахь гаалийн бүрдүүлэлтийн хэсэг,0,0,0,0,0,0,0
8500,"Санхүү, татварын хэсэг","Санхүү, татварын хэсэг",0,0,0,0,0,0,0
8600,Статистик,Статистик,0,0,0,0,0,0,0
14501,БТКУС-ын хэсэг,БТКУС-ын хэсэг,0,0,0,0,0,0,0
15201,Бичиг баримтын бүрдүүлэлтийн алба,Шивээ-Хүрэнгийн г/ бүрдүүлэлтийн хэсэг,0,0,0,0,0,0,0
16201,Бичигтийн гаалийн бүрдүүлэлтийн хэсэг,Бичигтийн гаалийн бүрдүүлэлтийн хэсэг,0,0,0,0,0,0,0
17201,Алтай хот дахь гаалийн бүрдүүлэлтийн хэсэг,Алтай хот дахь гаалийн бүрдүүлэлтийн хэсэг,0,0,0,0,0,0,0
18502,"Үнэ, үнэлгээний хэсэг","Үнэ, үнэлгээний хэсэг",0,0,0,0,0,0,0
9,Увс дахь гаалийн газар,Увс дахь гаалийн газар,0,0,0,0,0,0,0
9300,Гаалийн зөрчлөөс урьдчилан сэргийлэх хэсэг,Гаалийн зөрчлөөс урьдчилан сэргийлэх хэсэг,0,0,0,0,0,0,0
10300,Гаалийн зөрчлөөс урьдчилан сэргийлэх хэсэг,Гаалийн зөрчлөөс урьдчилан сэргийлэх хэсэг,0,0,0,0,0,0,0
11202,Говьсүмбэр дэх төмөр замын хяналтын хэсэг,Говьсүмбэр дэх төмөр замын хяналтын хэсэг,0,0,0,0,0,0,0
11501,БТКУС-ын хэсэг,БТКУС-ын хэсэг,0,0,0,0,0,0,0
12300,Гаалийн зөрчлөөс урьдчилан сэргийлэх хэсэг,Гаалийн зөрчлөөс урьдчилан сэргийлэх хэсэг,0,0,0,0,0,0,0
14300,Гаалийн зөрчлөөс урьдчилан сэргийлэх хэсэг,Гаалийн зөрчлөөс урьдчилан сэргийлэх хэсэг,0,0,0,0,0,0,0
15300,Гаалийн зөрчлөөс урьдчилан сэргийлэх хэсэг,Гаалийн зөрчлөөс урьдчилан сэргийлэх хэсэг,0,0,0,0,0,0,0
4904,Гастрак ХХК,Гастрак ХХК,0,0,0,0,0,0,0
6100,Захиргааны хэсэг,Захиргааны хэсэг,0,0,0,0,0,0,0
19502,"Үнэ, үнэлгээний хэсэг","Үнэ, үнэлгээний хэсэг",0,0,0,0,0,0,0
1102,Олон нийттэй харилцах алба,Олон нийттэй харилцах алба,0,0,0,0,0,0,0
1204,Хяналтын бүс хариуцсан хэсэг,Хяналтын бүс хариуцсан хэсэг,0,0,0,0,0,0,0
1501,Татвар орлогын хэлтэс,Татварын хэсэг,0,0,0,0,0,0,0
1600,Статистикийн хэлтэс,"Статистик, дүн шинжилгээний хэлтэс",0,0,0,0,0,0,0
1740,Мэдээллийн технологийн төв,Мэдээллийн технологийн төв,0,0,0,0,0,0,0
2200,"Гаалийн хяналт, бүрдүүлэлтийн хэлтэс","Гаалийн хяналт, бүрдүүлэлтийн хэлтэс",0,0,0,0,0,0,0
2503,Санхүүгийн хэсэг,Санхүүгийн хэсэг,0,0,0,0,0,0,0
2913,Толгойт,Толгойт,0,0,0,0,0,0,0
3203,Чингэлэг шалгах рентген төхөөрөмж,Чингэлэг шалгах рентген төхөөрөмж,0,0,0,0,0,0,0
3504,Татвар,Татвар,0,0,0,0,0,0,0
4,Сэлэнгэ дэх гаалийн газар,Сэлэнгэ дэх гаалийн газар,0,0,0,0,0,0,0
4400,Бүрдүүлэлтийн дараах шалгалтын алба,Бүрдүүлэлтийн дараах шалгалтын алба,0,0,0,0,0,0,0
5503,Санхүүгийн хэсэг,Санхүүгийн хэсэг,0,0,0,0,0,0,0
6202,Ульханмайхан дахь гаалийн салбар,Ульханмайхан дахь гаалийн салбар,0,0,0,0,0,0,0
7203,Даян  хилийн боомт,Даян  хилийн боомт,0,0,0,0,0,0,0
7902,Өлгий дэх олон улсын нисэх онгоцны буудал,Өлгий дэх олон улсын нисэх онгоцны буудал,0,0,0,0,0,0,0
8502,"Үнэ, үнэлгээний хэсэг","Үнэ, үнэлгээний хэсэг",0,0,0,0,0,0,0
14906,Ухаа худаг дахь гаалийн салбар,,0,0,0,0,0,0,0
14907,Оюу толгой Гаалийн салбар,,0,0,0,0,0,0,0
1997,"Аж ахуй, үйлчилгээний алба",,0,0,0,0,0,0,0
15202,Захиалгат дуудлагын бүрдүүлэлтийн хэсэг,,0,0,0,0,0,0,0
2920,АБТЭМА Карго,,0,0,0,0,0,0,0
2900,УБГГ ГББүс,,0,0,0,0,0,0,0
6914,Тамсаг-түр,,0,0,0,0,0,0,0
6913,Ш​и​н​ь​ ​ш​и​н​ь дахь гаалийн хяналтын бүс,,0,0,0,0,0,0,0
3907,Э-Транс Гаалийн Хяналтын Хэсэг,,0,0,0,0,0,0,0
13,Дархан уул аймаг дахь гаалийн газар,Aaрoai ooe aaou aaaeeei oiрiо,0,0,0,0,0,0,0
4910,С​ү​х​б​а​а​т​а​р​ ​ө​р​т​ө​ө​ АБХ,,0,0,0,0,0,0,0
911,Алтанбулаг чөлөөт бүс,,0,0,0,0,0,0,0
4911,Алтанбулаг чөлөөт бүс,,0,0,0,0,0,0,0
2206,Захиалагчийн материал,,0,0,0,0,0,0,0
11208,Чойр дахь гаалийн салбар,,0,0,0,0,0,0,0
20,Ханги дахь гаалийн газар,,0,0,0,0,0,0,0
20201,Гаалийн бүрдүүлэлтийн хэсэг,,0,0,0,0,0,0,0
88,Working Group Border,,0,0,0,0,0,0,0
88201,Working Group Border Manifest,,0,0,0,0,0,0,2
88202,Working Group Border Clearance,,0,0,0,0,0,0,0
89,Working Group Inland,,0,0,0,0,0,0,0
89201,Working Group Inland Clearance,,1,0,0,0,0,0,0
4210,Алтанбулаг дахь бүрдүүлэлтийн хэлтэс,,0,0,0,0,0,0,0
15203,Саусгобисэндс бүрдүүлэлтийн хэсэг,,0,0,0,0,0,0,0
88203,Test Inland Clearance Customs,,0,0,0,0,0,0,0
2918,Интердесижн,,0,0,0,0,0,0,0
4909,С​и​б​и​р​ь​ ​т​р​а​н​с,,0,0,0,0,0,0,0
14203,Энержи ресурс /цагаан хад/ гаалийн бүрд/хэсэг,,0,0,0,0,0,0,0
16300,Гаалийн зөрчлөөс урьдчилан сэргийлэх хэсэг,Гаалийн зөрчлөөс урьдчилан сэргийлэх хэсэг,0,0,0,0,0,0,0
18,Завхан дахь гаалийн хороо,Завхан дахь гаалийн хороо,0,0,0,0,0,0,0
18300,Гаалийн зөрчлөөс урьдчилан сэргийлэх хэсэг,Гаалийн зөрчлөөс урьдчилан сэргийлэх хэсэг,0,0,0,0,0,0,0
19505,Хураамж,Хураамж,0,0,0,0,0,0,0
1100,"Захиргаа, хүний нөөцийн хэлтэс","Төрийн захиргаа,  хамтын ажиллагааны газар",0,0,0,0,0,0,0
1400,Бүрдүүлэлтийн дараах шалгалтын газар,Бүрдүүлэлтийн дараах шалгалтын хэлтэс,0,0,0,0,0,0,0
2502,"Үнэ, үнэлгээний хэсэг","Үнэ, үнэлгээний хэсэг",0,0,0,0,0,0,0
3,Замын -Үүд дэх гаалийн газар,Замын -Үүд дэх гаалийн газар,0,0,0,0,0,0,0
3300,Гаалийн зөрчлөөс урьдчилан сэргийлэх алба,Гаалийн зөрчлөөс урьдчилан сэргийлэх алба,0,0,0,0,0,0,0
4202,Алтанбулаг дахь гаалийн шалган нэвтрүүлэх цогцолбор,Алтанбулаг дахь гаалийн шалган нэвтрүүлэх цогцолбор,0,0,0,0,0,0,0
6502,"Үнэ, үнэлгээний хэсэг","Үнэ, үнэлгээний хэсэг",0,0,0,0,0,0,0
6907,Агацын гол ,Агацын гол ,0,0,0,0,0,0,0
7,Баян-Өлгий дэх гаалийн газар,Баян-Өлгий дэх гаалийн газар,0,0,0,0,0,0,0
7501,БТКУС-ын хэсэг,БТКУС-ын хэсэг,0,0,0,0,0,0,0
8,Ховд аймгийн Булган дахь гаалийн газар,Ховд аймгийн Булган дахь гаалийн газар,0,0,0,0,0,0,0
8300,Гаалийн зөрчлөөс урьдчилан сэргийлэх хэсэг,Гаалийн зөрчлөөс урьдчилан сэргийлэх хэсэг,0,0,0,0,0,0,0
12201,Төв шуудан дахь бүрдүүлэлтийн хэсэг,Төв шуудан дахь бүрдүүлэлтийн хэсэг,0,0,0,0,0,0,0
8901,Ховд гүний гааль,Ховд гүний гааль ,0,0,0,0,0,0,0
6203,Хавирга дахь гаалийн салбар,Хавирга дахь гаалийн салбар,0,0,0,0,0,0,0
5504,Татвар,Татвар,0,0,0,0,0,0,0
16502,"Үнэ, үнэлгээний хэсэг","Үнэ, үнэлгээний хэсэг",0,0,0,0,0,0,0
7202,Улаанбайшинт дахь гаалийн салбар,Улаанбайшинт дахь гаалийн салбар,0,0,0,0,0,0,0
12503,Санхүүгийн хэсэг,Санхүүгийн хэсэг,0,0,0,0,0,0,0
5502,"Үнэ, үнэлгээний хэсэг","Үнэ, үнэлгээний хэсэг",0,0,0,0,0,0,0
2201,Бүрдүүлэлтийн 1-р алба,Бүрдүүлэлтийн 1-р алба,1,5,0,5,5,0,5
2,Улаанбаатар дахь гаалийн газар,Улаанбаатар дахь гаалийн газар,0,0,0,0,0,0,0
5205,М​э​р​г​э​в​а​н,,0,0,0,0,0,0,1
2916,АБТЭМА II,,0,0,0,0,0,0,0
2921,УБГГ ТБД,,0,0,0,0,0,0,0
2301,ГЗУСАлба,,0,0,0,0,0,0,0
2915,Захиалга дуудлага / Экспорт,,0,0,0,0,0,0,0
5203,Нисэх буудал агуулахын байцаагч,,0,0,0,0,0,0,0
5204,Ажет,,0,0,0,0,0,0,0
1500,"Санхүү, хөрөнгө оруулалтын хэлтэс","Санхүү, эдийн засгийн хэлтэс",0,0,0,0,0,0,0
1998,ГЕГ - Хэвлэх цех,,0,0,0,0,0,0,0
1999,Алтны бүрдүүлэлт,,0,0,0,0,0,0,0
2917,УБГГ Техник импорт,,0,0,0,0,0,0,0
14202,Эрдэнэс тавантолгой  /түр/ гаалийн бүрд/хэсэг,,0,0,0,0,0,0,0
7204,Баян-Өлгий дэх олон улсын нисэх онгоцны буудал,,0,0,0,0,0,0,0
2801,УБГГ ТБД - ДФ,,0,0,0,0,0,0,0
2802,УБГГ ГБА Бүс2,,0,0,0,0,0,0,0
2803,УБГГ ГБА Бүс3,,0,0,0,0,0,0,0
2804,УБГГ ГБА Бүс4,,0,0,0,0,0,0,0
2805,УБГГ ГБА Бүс5,,0,0,0,0,0,0,0
2807,УБГГ ТБД - Империа,,0,0,0,0,0,0,0
9904,Арцсуурь салбар ГХБА,,0,0,0,0,0,0,0
9906,Арцсуурь дахь хилийн боомт,,0,0,0,0,0,0,0
8205,Ярант бүрдүүлэлтийн 2-р хэсэг,,0,0,0,0,0,0,0
11907,Чойр-МАК,,0,0,0,0,0,0,0
13906,Дарханы төмөрлөгийн үйлдвэр-Дархан,,0,0,0,0,0,0,0
3905,Сауд Гэйт,,0,0,0,0,0,0,0
3910,Замын-Үүд Ложистик төв,,0,0,0,0,0,0,0
3912,Замын-Үүд чөлөөт бүс,,0,0,0,0,0,0,0
11909,Сайн-Ус,,0,0,0,0,0,0,0
9912,Видү ГХБ,,0,0,0,0,0,0,0
14908,Цагаан хад: Нэг цэгийн үйлчилгээ,,0,0,0,0,0,0,0
4909,Ухаа худаг - Түмэн заг,,0,0,0,0,0,0,0
15206,Шивээхүрэн Захиалга дуудлага /Бүрдүүлэлтийн хэсэг 1/,,0,0,0,0,0,0,0
2817,УБГГ ТБД - Тус дор,,0,0,0,0,0,0,0
2922,Амгалан ложистик,,0,0,0,0,0,0,0
3911,Захиалгат дуудлага,,0,0,0,0,0,0,0
15904,Чингэлэг тээврийн терминал,,0,0,0,0,0,0,0
2207,Цахим бүрдүүлэлтийн хэсэг - Утас : 80201281,,0,0,0,0,0,0,0
2809,Туушин ГБА,,0,0,0,0,0,0,0
2810,Би Эль Си ГБА,,0,0,0,0,0,0,0
2813,УБ импекс ГБА,,0,0,0,0,0,0,0
13905,Хандгайт төмөрлөгийн үйлдвэр,,0,0,0,0,0,0,0
14909,Ухаа худаг - Түмэн заг,,0,0,0,0,0,0,0
3909,Русалт,,0,0,0,0,0,0,0
12904,Юу Ти Пи Эс,,0,0,0,0,0,0,0
5903,Чингис хаан олон улсын нисэх  буудал,,0,0,0,0,0,0,0
14911,Түгээмэл түмэнхишиг ХХК,,0,0,0,0,0,0,0
5206,МИАТ-ын баталгаат үйлдвэрийн засварын газар,,0,0,0,0,0,0,1
15205,Өсөх зоос бүрдүүлэлтийн хэсэг,,0,0,0,0,0,0,0
2815,УБГГ ТБД - Жуулчин,,0,0,0,0,0,0,0
2816,УБГГ ТБД - Монгол ньюс,,0,0,0,0,0,0,0
15903,Өсөх зоос алтан говь,,0,0,0,0,0,0,0
9907,Арцсуурь,,0,0,0,0,0,0,0
15204,Цагаан өвөлжөө бүрдүүлэлтийн хэсэг,,0,0,0,0,0,0,0
16904,Андын Илч,,0,0,0,0,0,0,0
3908,Дардан Ложистик,,0,0,0,0,0,0,0
2818,УБГГ ТБД - Ди Эф Си,,0,0,0,0,0,0,0
11908,Шинэ ази ложистик,,0,0,0,0,0,0,0
14910,Чингэлэгт тээврийн терминал,,0,0,0,0,0,0,0
4912,Видү ГХБ,,0,0,0,0,0,0,0
2806,УБГГ ГБА Бүс6,,0,0,0,0,0,0,0
2808,АБТЭМА ГБА,,0,0,0,0,0,0,0
2811,Техник импорт ГБА,,0,0,0,0,0,0,0
2812,Монгол экспресс ГБА,,0,0,0,0,0,0,0
2814,Прогресстранс ГБА,,0,0,0,0,0,0,0
16903,Э​м​ ​Э​л​ ​Ц​а​х​и​у​р​т​ ​о​в​о​о,,0,0,0,0,0,0,0
5904,Чингис хаан карго терминал,,0,0,0,0,0,0,0
11910,Батганжир,,0,0,0,0,0,0,0
12905,Монгол шуудан - Амгалан,,0,0,0,0,0,0,0
2819,УБГГ ТБД - Ану санрайс,,0,0,0,0,0,0,0
2923,УБГГ захиалга дуудлага - Баруун бүс,,0,0,0,0,0,0,0
16908,Би Си Эйч Ресурс ГХБ,,0,0,0,0,0,0,0
14204,Автомат удирдлагатай чингэлэг тээврийн терминал /Хил/,,0,0,0,0,0,0,0
20202,Ханги салбар (Бүрдүүлэлт),,0,0,0,0,0,0,0
14912,Захиалгат дуудлага,,0,0,0,0,0,0,0
12907,Монгол шуудан - Нисэх,,0,0,0,0,0,0,0
1222,Бүрдүүлэлтийн нэгдсэн төв,,0,0,0,0,0,0,0
2222,Бүрдүүлэлтийн нэгдсэн төв,,0,0,0,0,0,0,0
14072,Автомат удирдлагатай чингэлэг тээврийн терминал,,0,0,0,0,0,0,0
5908,Чинис хаан катеринг,,0,0,0,0,0,0,0
1812,"Шуурхай хяналт, удирдлагын төв",,0,0,0,0,0,0,0
15905,Шивээхүрэн AGV захиалгат дуудлага,,0,0,0,0,0,0,0
16906,Бичигт боомт - Эрдэс экспорт,,0,0,0,0,0,0,0
2924,УБГГ захиалга дуудлага - Зүүн бүс,,0,0,0,0,0,0,0
20903,Ханги өртөө захиалга,,0,0,0,0,0,0,0
20901,Ханги - Гүний бүрдүүлэлт,,0,0,0,0,0,0,0
20902,Ханги - AGV,,0,0,0,0,0,0,0
16905,Буман Ложистик,,0,0,0,0,0,0,0
12906,Монгол инфинити шуудан,,0,0,0,0,0,0,0
6917,Захиалгат дуудлага - Хавирга,,0,0,0,0,0,0,0
16907,Бичигт захиалгат дуудлага,,0,0,0,0,0,0,0
11911,Цэцэнс майнинг энд энержи,,0,0,0,0,0,0,0
3913,Чинзасагт,,0,0,0,0,0,0,0
11912,Ханги салбар (Бүрдүүлэлт),,0,0,0,0,0,0,0
15906,Захиалга дуудлага (ЕАИ ХХК),,0,0,0,0,0,0,0
20200,"Хяналт, бүрдүүлэлт, хорио цээрийн алба",,0,0,0,0,0,0,0
